-- Data prepared by Abeer Waheed, amir2@ualberta.ca
-- Published on Sept 29, 2020

PRAGMA foreign_keys = ON;

insert into users values ('u1','Aled Hastings','1234','Edmonton','2020-01-10');
insert into users values ('u2','Joe Smith','7720','Vancouver','2020-08-15');
insert into users values ('u3','Mary Brown','abcd','Ottawa','2020-06-04');
insert into users values ('u4','Precious Friedman','1234','Halifax','2019-01-10');
insert into users values ('u5','Edie Barlow','1234','Quebec City','2019-08-15');
insert into users values ('u6','Kristy Simpson','1234','Edmonton','2019-06-04');
insert into users values ('7','Lilli Kane','abcde','Ottawa','2018-01-10');
insert into users values ('u8','Kody Hill','abcdg','Halifax','2018-08-15');
insert into users values ('u9','Zavier Gilmore','Helloworld','Winnipeg','2018-06-04');
insert into users values ('u10','Diana Pratt','helloworld','Calgary','2020-04-10');
insert into users values ('u11','Ace Harper','hellOworld','Whitehouse','2020-07-10');
insert into users values ('u12','Tymon Valazquez','helloworlD','Regina','2020-08-14');
insert into users values ('u13','Casper Grant','hellOWorld','Edmonton','2017-01-04');
insert into users values ('u14','Laurence Sutton','@bcd','Ottawa','2020-06-10');
insert into users values ('u15','Clarke Chan','9999','Vancouver','2020-09-15');
insert into users values ('u16','Nancy King','helloworld1','Quebec City','2020-06-05');
insert into users values ('u17','Rocco Benton','1helloworld','Halifax','2020-01-14');
insert into users values ('18','Colby Hartman','99999','Winnipeg','2020-08-01');
insert into users values ('19','Finnlay Regan','hi','Calgary','2020-05-04');
insert into users values ('20','Archibald Mcintyre','hi2','Victoria','2020-01-10');
insert into users values ('21','Nieve Richard','hi2','Toronto','2020-12-20');
insert into users values ('22','Mischa Yates','helloworld','Vancouver','2020-08-24');
insert into users values ('u23','Gwion Goulding','helloworld','Edmonton','2020-06-25');
insert into users values ('u24','Kean Barclay','helloworld1','Toronto','2020-06-21');
insert into users values ('u25','Evernett Rodrique','@bcdg','Toronto','2020-08-25');
insert into users values ('u26','Nicolas Akhtar','abcdge','Halifax', '2016-03-24');
insert into users values ('u27','Wilson Greer','hi2','Winnipeg','2016-06-10');
insert into users values ('u28','Jace Whyte','hellOworld','Regina','2016-08-30');
insert into users values ('u29','Giuseppe David','hellOworld','Victoria','2016-06-30');
insert into users values ('u30','Samera Ahmad','1helloworld','Quebec City','2020-12-30');
insert into users values ('u31','Vihaan Meza','1helloworld','Toronto','2020-12-20');
insert into users values ('u32','Finnian Dillon','1helloworld','Vancouver','2020-08-24');
insert into users values ('u33','Kerion Sawyer','1helloworld','Edmonton','2020-06-25');
insert into users values ('u34','Layla-Mee Howells','hi','Toronto','2020-06-21');
insert into users values ('u35','Taybah Penn','hi','Toronto','2020-08-25');
insert into users values ('u36','Jimmie Colley','hi','Halifax', '2016-03-24');
insert into users values ('u37','Kanye Kendall','1helloworld','Winnipeg','2016-06-10');
insert into users values ('u38','Huma Denton','1helloworld','Regina','2016-08-30');
insert into users values ('u39','Kierran Blankenship','1helloworld','Victoria','2016-06-30');
insert into users values ('u40','Ruari Wagstaff','1helloworld','Quebec City','2020-12-30');
insert into users values ('u41','Dillon Galindo','1helloworld','Toronto','2020-12-20');
insert into users values ('u42','Lillian Donovan','1helloworld','Vancouver','2020-08-24');
insert into users values ('u43','Luella Huffman','1helloworld','Edmonton','2020-06-25');
insert into users values ('u44','Tymon Fritz','1helloworld''Toronto','2020-06-21');
insert into users values ('u45','Yazmin Wolfe','@bcdg','Toronto','2020-08-25');
insert into users values ('u46','Cherie Marquez','@bcdg','Halifax', '2016-03-24');
insert into users values ('u47','Nabilah Butler','@bcdg','Winnipeg','2016-06-10');
insert into users values ('u48','Moshe Metcalfe','@bcdg','Regina','2016-08-30');
insert into users values ('u49','Terrence Henderson','@bcdg','Victoria','2016-06-30');
insert into users values ('u50','Samera Ahmad','hellOworld','Halifax','2019-12-30');

insert into privileged values('u1');
insert into privileged values('u2');
insert into privileged values('u5');
insert into privileged values('7');
insert into privileged values('u15');
insert into privileged values('u17');
insert into privileged values('22');
insert into privileged values('u23');
insert into privileged values('u37');
insert into privileged values('u43');
insert into privileged values('u50');

insert into badges values ('socratic question','gold');
insert into badges values ('stellar question', 'gold');
insert into badges values ('great answer','gold');
insert into badges values ('popular answer','gold');
insert into badges values ('fanatic user','gold');
insert into badges values ('legendary user','gold');
insert into badges values ('good question','silver');
insert into badges values ('good answer','silver');
insert into badges values ('enthusiast user','silver');
insert into badges values ('nice question','bronze');
insert into badges values ('nice answer','bronze');
insert into badges values ('commentator user','bronze');

insert into ubadges values ('u2','2020-09-06','stellar question');
insert into ubadges values ('u5','2020-04-12','socratic question');
insert into ubadges values ('u12','2019-03-30','nice answer');
insert into ubadges values ('u12','2019-05-23','good answer');
insert into ubadges values ('u43','2020-03-04','legendary user');
insert into ubadges values ('u43','2020-02-28','socratic question');
insert into ubadges values ('u43','2020-01-05','stellar question');
insert into ubadges values ('u28','2019-08-27','good question');
insert into ubadges values ('u28','2019-08-15','nice question');
insert into ubadges values ('u28','2020-01-11','legendary user');
insert into ubadges values ('u28','2020-03-12','great answer');
insert into ubadges values ('u30','2020-09-08','enthusiast user');
insert into ubadges values ('u30','2020-06-21','nice question');
insert into ubadges values ('u14','2019-12-14','popular answer');

insert into posts values ('p001',date('now','-30 days'),'What is a relational database?','What is the term referred to and what are the benefits?','u2');
insert into questions values ('p001',null);
insert into votes values ('p001',1,date('now','-5 days'),'u12');
insert into votes values ('p001',2,date('now','-7 days'),'u34');
insert into votes values ('p001',3,date('now','-2 days'),'21');
insert into votes values ('p001',4,date('now','-8 days'),'u43');
insert into votes values ('p001',5,date('now','-3 days'),'7');
insert into tags values ('p001','relational');
insert into tags values ('p001','database');
insert into tags values ('p001','frequentTag1');
insert into posts values ('p002',date('now','-29 days'),'Introduction to relational database','This is a post that introduce the relational databases including SQL','u12');
insert into answers values ('p002','p001');
insert into votes values ('p002',1,date('now','-16 days'),'u38');
insert into tags values ('p002','relational');
insert into tags values ('p002','Database');
insert into tags values ('p002','sql');
insert into tags values ('p002','data');

insert into posts values ('p003',date('now','-30 days'),'Why use SQL?','what are the different uses for it', 'u50');
insert into questions values ('p003',null);
insert into votes values ('p003',1,date('now','-3 days'),'u5');
insert into tags values ('p003','sql');
insert into tags values ('p003','CMPUT291');
insert into tags values ('p003','relational');
insert into tags values ('p003','frequentTag1');
insert into tags values ('p003','tieTag1');
insert into posts values ('p004',date('now','-23 days'),'Answer to what is SQL','it is a structured query language', 'u50');
insert into answers values ('p004','p003');
insert into votes values ('p004',1,date('now','-6 days'),'7');
insert into posts values ('p005',date('now','-24 days'),'second answer to what is SQL', 'it has lots of uses', 'u28');
insert into answers values ('p005','p003');
insert into votes values ('p005',1,date('now','-5 days'),'u5');
insert into votes values ('p005',2,date('now','-8 days'),'u6');

insert into posts values ('p006',date('now','-30 days'),'Databases question?','This is a question regarding databases','u50');
insert into questions values ('p006',null);
insert into tags values ('p006','database');
insert into tags values ('p006','computing');
insert into tags values ('p006','tieTag1');
insert into posts values ('p007',date('now','-23 days'),'answer to databases question','test case for query two', 'u50');
insert into answers values ('p007','p006');
insert into votes values ('p007',1,date('now','-2 days'),'u3');
insert into tags values ('p007','Database');
insert into tags values ('p007','frequentTag3');
insert into posts values ('p008',date('now','-27 days'),'second answer to database question', 'just another answer', 'u28');
insert into answers values ('p008','p006');
insert into votes values ('p008',1,date('now','-6 days'),'u1');
insert into votes values ('p008',2,date('now','-9 days'),'21');
insert into tags values ('p008','Database');
insert into tags values ('p008','access');

insert into posts values ('p009',date('now','-27 days'),'what is relational query language?', 'just another question','u50');
insert into questions values ('p009',null);
insert into tags values ('p009','relational');
insert into tags values ('p009','query');
insert into tags values ('p009','frequentTag3');
insert into posts values ('p010',date('now','-27 days'),'answer to relational query question', 'just another answer','u50');
insert into answers values ('p010','p009');
insert into votes values ('p010',1,date('now','-7 days'),'u9');
insert into tags values ('p010','relational');
insert into tags values ('p010','query');
insert into tags values ('p010','frequentTag3');
insert into posts values ('p011',date('now','-27 days'),'second answer to relational query question', 'just another answer','u23');
insert into answers values ('p011','p009');
insert into tags values ('p011','relational');
insert into tags values ('p011','Sql language');

insert into posts values ('p012',date('now','-27 days'),'what is a good Relational Database Software?', 'just another question','u30');
insert into questions values ('p012',null);
insert into tags values ('p012','sql');
insert into tags values ('p012','query');
insert into posts values ('p013',date('now','-23 days'),'answer to database question question', 'just another answer','u30');
insert into answers values ('p013','p012');
insert into tags values ('p013','sql');
insert into tags values ('p013','query');
insert into tags values ('p013','frequentTag3');
insert into posts values ('p014',date('now','-23 days'),'How do we model ER diagrams?','What are the shapes assigned for entities and relationships in an ER diagram?','u30');
insert into questions values ('p014',null);
insert into tags values ('p014','sql language');
insert into tags values ('p014', 'relational');
insert into tags values ('p014', 'frequentTag3');
insert into posts values ('p028',date('now','-15 days'),'ER diagrams','The shape for entities is a rectangle while it is a rhombus for relationships','u30');
insert into answers values ('p028','p014');
insert into tags values ('p028', 'database');

insert into posts values ('p015',date('now','-20 days'),'what do we learn in cmput291?', 'just another question','u23');
insert into questions values ('p015',null);
insert into tags values ('p015','RELATIONAL');
insert into tags values ('p015','database');
insert into posts values ('p030',date('now','-5 days'),'Answer for post 15','Nothing to see here','u23');
insert into answers values ('p030','p015');
insert into posts values ('p016',date('now','-15 days'),'relational database', 'just another answer','u23');
insert into answers values ('p016','p015');
insert into tags values ('p016','sql language');
insert into posts values ('p017',date('now','-20 days'),'we learn sql', 'just another answer', 'u23');
insert into answers values ('p017','p015');
insert into tags values ('p017','query');
insert into tags values ('p017','sql language');

insert into posts values ('p018',date('now','-23 days'),'why do we learn sqlite3?', 'is it to access a relational database?', 'u28');
insert into questions values ('p018',null);
insert into votes values ('p018',1,date('now','-7 days'),'u6');
insert into votes values ('p018',2,date('now','-2 days'),'u9');

insert into posts values ('p019',date('now','-27 days'),'what is relational arithmetic?','I am an answerless question','u30');
insert into questions values ('p019',null);

insert into posts values ('p020',date('now','-30 days'),'What is the goal of this assignment?', 'I am an answerless question','u43');
insert into questions values ('p020',null);

insert into posts values ('p021',date('now','-30 days'),'how do we get better at writing queries?','just another question','u40');
insert into questions values ('p021',null);
insert into posts values ('p022',date('now','-23 days'),'just practice', 'just another answer','u40');
insert into answers values ('p022','p021');
insert into posts values ('p023',date('now','-27 days'),'more practice', 'just another answer','u13');
insert into answers values ('p023','p021');
insert into votes values ('p023',1,date('now','-17 days'),'u30');

insert into posts values ('p024',date('now','-30 days'),'how do we do well in cmput291?', 'just another question','u40');
insert into questions values ('p024',null);
insert into posts values ('p025',date('now','-15 days'),'study', 'just another answer','u40');
insert into answers values ('p025','p024');
insert into posts values ('p026',date('now','-27 days'),'more studyl', 'just another answer', 'u23');
insert into answers values ('p026','p024');
insert into votes values ('p026',1,date('now','-16 days'),'22');

insert into posts values ('p027',date('now','-60 days'),'is cmput291 difficult?', 'just another question','u40');
insert into questions values ('p027',null);
insert into votes values ('p027',1,date('now','-14 days'),'u44');
insert into posts values ('p029',date('now','-27 days'),'not really!','just another answer', 'u40');
insert into answers values ('p029','p027');
insert into votes values ('p029',1,date('now','-4 days'),'u43');

insert into posts values ('p031',date('now','-10 days'), 'Am I the post with famous tags? ', 'my famous tags are fun sleep and boring','u35');
insert into questions values ('p031',null);
insert into votes values ('p031',1,date('now','-5 days'),'u2');
insert into votes values ('p031',2,date('now','-6 days'),'u5');
insert into votes values ('p031',3,date('now','-7 days'),'u32');
insert into votes values ('p031',4,date('now','-8 days'),'u24');
insert into votes values ('p031',5,date('now','-9 days'),'u15');
insert into votes values ('p031',6,date('now','-2 days'),'u17');
insert into votes values ('p031',7,date('now','-5 days'),'u2');
insert into votes values ('p031',8,date('now','-6 days'),'u5');
insert into votes values ('p031',9,date('now','-7 days'),'u32');
insert into votes values ('p031',10,date('now','-8 days'),'u24');
insert into votes values ('p031',11,date('now','-9 days'),'u15');
insert into votes values ('p031',12,date('now','-2 days'),'u17');
insert into votes values ('p031',13,date('now','-5 days'),'u4');
insert into votes values ('p031',14,date('now','-6 days'),'u3');
insert into votes values ('p031',15,date('now','-7 days'),'u6');
insert into votes values ('p031',16,date('now','-8 days'),'7');
insert into votes values ('p031',17,date('now','-9 days'),'u8');
insert into votes values ('p031',18,date('now','-2 days'),'u9');
insert into votes values ('p031',19,date('now','-5 days'),'u10');
insert into votes values ('p031',20,date('now','-6 days'),'u11');
insert into votes values ('p031',21,date('now','-7 days'),'u12');
insert into votes values ('p031',22,date('now','-8 days'),'u13');
insert into votes values ('p031',23,date('now','-9 days'),'u14');
insert into votes values ('p031',24,date('now','-2 days'),'u16');
insert into tags values ('p031','fun');
insert into tags values ('p031','sleep');
insert into tags values ('p031','boring');
insert into tags values ('p031','extra tag');
insert into tags values ('p031','just here');

insert into posts values ('p032',date('now','-10 days'), 'yes I the post with famous tags? ', 'my famous tags are fun sleep and boring','u35');
insert into answers values ('p032','p031');
insert into votes values ('p032',1,date('now','-5 days'),'u2');
insert into votes values ('p032',2,date('now','-6 days'),'u5');
insert into votes values ('p032',3,date('now','-7 days'),'u32');
insert into votes values ('p032',4,date('now','-8 days'),'u24');
insert into votes values ('p032',5,date('now','-9 days'),'u15');
insert into votes values ('p032',6,date('now','-2 days'),'u17');
insert into votes values ('p032',7,date('now','-5 days'),'u2');
insert into votes values ('p032',8,date('now','-6 days'),'u5');
insert into votes values ('p032',9,date('now','-7 days'),'u32');
insert into votes values ('p032',10,date('now','-8 days'),'u24');
insert into votes values ('p032',11,date('now','-9 days'),'u15');
insert into votes values ('p032',12,date('now','-2 days'),'u17');
insert into votes values ('p032',13,date('now','-5 days'),'u4');
insert into votes values ('p032',14,date('now','-6 days'),'u3');
insert into votes values ('p032',15,date('now','-7 days'),'u6');
insert into votes values ('p032',16,date('now','-8 days'),'7');
insert into votes values ('p032',17,date('now','-9 days'),'u8');
insert into votes values ('p032',18,date('now','-2 days'),'u9');
insert into votes values ('p032',19,date('now','-5 days'),'u10');
insert into votes values ('p032',20,date('now','-6 days'),'u11');
insert into votes values ('p032',21,date('now','-7 days'),'u12');
insert into votes values ('p032',22,date('now','-8 days'),'u13');
insert into votes values ('p032',23,date('now','-9 days'),'u14');
insert into votes values ('p032',24,date('now','-2 days'),'u16');
insert into tags values ('p032','fun');
insert into tags values ('p032','sleep');

insert into posts values ('p033',date('now','-10 days'), 'Am I the SECOND post with famous tags? ', 'my famous tags are fun','u49');
insert into questions values ('p033',null);
insert into votes values ('p033',1,date('now','-5 days'),'u2');
insert into votes values ('p033',2,date('now','-6 days'),'u5');
insert into votes values ('p033',3,date('now','-7 days'),'u32');
insert into votes values ('p033',4,date('now','-8 days'),'u24');
insert into votes values ('p033',5,date('now','-9 days'),'u15');
insert into votes values ('p033',6,date('now','-2 days'),'u17');
insert into votes values ('p033',7,date('now','-5 days'),'u2');
insert into votes values ('p033',8,date('now','-6 days'),'u5');
insert into votes values ('p033',9,date('now','-7 days'),'u32');
insert into votes values ('p033',10,date('now','-8 days'),'u24');
insert into votes values ('p033',11,date('now','-9 days'),'u15');
insert into votes values ('p033',12,date('now','-2 days'),'u17');
insert into votes values ('p033',13,date('now','-5 days'),'u4');
insert into votes values ('p033',14,date('now','-6 days'),'u3');
insert into votes values ('p033',15,date('now','-7 days'),'u6');
insert into votes values ('p033',16,date('now','-8 days'),'7');
insert into votes values ('p033',17,date('now','-9 days'),'u8');
insert into votes values ('p033',18,date('now','-2 days'),'u9');
insert into votes values ('p033',19,date('now','-5 days'),'u10');
insert into votes values ('p033',20,date('now','-6 days'),'u11');
insert into votes values ('p033',21,date('now','-7 days'),'u12');
insert into votes values ('p033',22,date('now','-8 days'),'u13');
insert into tags values ('p033','fun');
insert into tags values ('p033','tag tag');
insert into tags values ('p033','more tag');

insert into posts values ('p034',date('now','-10 days'), 'yes I the SECOND post with famous tags? ', 'my famous tags are sleep and boring','7');
insert into answers values ('p034','p033');
insert into votes values ('p034',1,date('now','-5 days'),'u2');
insert into votes values ('p034',2,date('now','-6 days'),'u5');
insert into votes values ('p034',3,date('now','-7 days'),'u32');
insert into votes values ('p034',4,date('now','-8 days'),'u24');
insert into votes values ('p034',5,date('now','-9 days'),'u15');
insert into votes values ('p034',6,date('now','-2 days'),'u17');
insert into votes values ('p034',7,date('now','-5 days'),'u2');
insert into votes values ('p034',8,date('now','-6 days'),'u5');
insert into votes values ('p034',9,date('now','-7 days'),'u32');
insert into votes values ('p034',10,date('now','-8 days'),'u24');
insert into votes values ('p034',11,date('now','-9 days'),'u15');
insert into votes values ('p034',12,date('now','-2 days'),'u17');
insert into votes values ('p034',13,date('now','-5 days'),'u4');
insert into votes values ('p034',14,date('now','-6 days'),'u3');
insert into votes values ('p034',15,date('now','-7 days'),'u6');
insert into votes values ('p034',16,date('now','-8 days'),'7');
insert into votes values ('p034',17,date('now','-9 days'),'u8');
insert into votes values ('p034',18,date('now','-2 days'),'u9');
insert into votes values ('p034',19,date('now','-5 days'),'u10');
insert into votes values ('p034',20,date('now','-6 days'),'u11');
insert into votes values ('p034',21,date('now','-7 days'),'u12');
insert into votes values ('p034',22,date('now','-8 days'),'u13');
insert into tags values ('p034','sleep');
insert into tags values ('p034','boring');
insert into tags values ('p034','test tag');
insert into tags values ('p034','tag test');



